scan_name,width,breadth,height
scene0335_01,4.576641,5.8048654,2.4614587
scene0421_00,2.8672056,3.3550792,2.384528
scene0513_00,5.3040304,6.222067,1.4468883
scene0197_00,2.7204895,4.702838,2.5191503
scene0111_00,4.879616,4.3090143,2.479899
scene0639_00,4.4681664,2.1525369,1.6388913
scene0421_02,2.8276286,3.3092718,2.366742
scene0223_02,4.655586,5.2137194,2.4700909
scene0588_03,8.396361,12.748011,2.95718
scene0247_00,5.2975245,9.328435,2.8770616
scene0383_02,2.2527633,5.5173836,2.9708536
scene0266_01,6.3890696,5.70111,2.0016396
scene0477_00,4.9256973,9.579971,2.9120107
scene0388_01,3.142799,5.794274,2.0996456
scene0016_02,4.1306105,5.122406,2.3190258
scene0541_00,4.0714602,4.2652283,2.555977
scene0676_00,1.94345,2.4530401,2.2200077
scene0416_04,3.9719834,8.097157,2.2117398
scene0347_00,2.8086133,3.6541781,2.5565574
scene0051_02,6.2481604,6.0132475,3.0843005
scene0588_01,7.7223387,13.005486,2.127839
scene0467_00,3.5729551,3.7990477,2.5418377
scene0440_00,5.5866385,4.3863616,1.9894001
scene0017_02,3.9791121,6.074538,2.6508949
scene0402_00,3.7627668,5.072063,2.1074774
scene0119_00,2.7594454,3.7011657,2.5124507
scene0280_00,4.646511,4.952483,2.7915678
scene0206_02,3.6912856,6.710692,3.1357453
scene0068_01,2.453258,3.2036643,2.6068869
scene0584_00,3.8253658,8.3291,2.6002908
scene0626_00,3.447731,4.631258,2.25246
scene0703_00,5.1797113,7.1288714,2.2811701
scene0253_00,3.4010143,5.4851437,2.8834603
scene0268_00,3.644157,2.9547706,2.22328
scene0451_03,4.413809,7.980546,2.5608501
scene0326_00,4.43936,4.1296625,1.9402086
scene0579_02,3.103098,3.8745317,1.9781846
scene0397_01,3.936379,4.32856,2.6360452
scene0075_00,4.904612,4.155421,2.2644482
scene0010_01,3.803789,5.367325,1.8781854
scene0596_00,4.666041,5.624591,2.6965466
scene0515_00,5.808961,6.528792,2.7425783
scene0200_02,3.962739,4.0217853,2.4569268
scene0273_01,5.5309596,7.5618324,3.443858
scene0031_02,5.6358166,7.188368,3.4927173
scene0698_00,3.5237064,7.882369,2.615347
scene0388_00,2.7804337,6.0522375,2.36047
scene0199_00,4.82913,7.430892,2.7575228
scene0666_00,5.184041,6.585247,2.9710739
scene0646_02,5.478526,6.877494,2.5675206
scene0237_00,2.8702111,2.905837,2.106187
scene0623_01,3.6460843,5.914933,2.4138224
scene0111_02,5.096131,5.639994,2.6690226
scene0182_00,2.7296157,3.8637962,3.602193
scene0680_00,3.8890653,4.651387,2.0536234
scene0270_02,4.7898717,6.9691267,2.5939364
scene0289_00,4.720477,4.6451163,2.3580642
scene0424_00,3.38642,3.9740968,2.5893629
scene0669_00,4.5225987,8.002166,2.666763
scene0325_00,4.849125,5.4696445,2.1735098
scene0192_02,3.9830153,4.814181,2.139959
scene0370_01,9.327098,8.001679,2.218799
scene0055_00,3.1821241,3.651936,2.2262588
scene0167_00,4.4227476,6.9869723,2.1299076
scene0209_02,4.3426867,7.22412,2.263891
scene0133_00,3.7614608,7.2015114,1.4324259
scene0391_00,7.3222446,7.7208023,2.969757
scene0073_03,3.0573509,3.5314913,2.286396
scene0020_00,4.1004133,4.5757914,2.4234793
scene0110_02,3.9402223,5.461607,1.9378833
scene0066_00,6.6942964,6.1291213,1.8836523
scene0410_00,1.3606365,2.150457,2.126753
scene0126_01,3.4686928,5.462816,2.8090422
scene0112_01,3.0885398,3.599224,2.4216278
scene0220_00,4.0435524,7.815765,3.101077
scene0122_01,2.6492743,3.488995,1.8799266
scene0204_00,4.498467,5.5200205,1.8748051
scene0080_00,2.0218675,3.268818,2.197633
scene0067_00,2.8695357,3.8671088,2.0312145
scene0466_01,9.074797,7.720604,2.1394145
scene0465_01,6.0716276,5.603956,3.1223164
scene0596_01,4.5338078,5.64292,2.2778566
scene0087_02,4.9937096,5.2659216,1.9902364
scene0560_00,4.1659927,4.102673,3.0878558
scene0305_01,3.5034513,5.4895406,3.0185251
scene0638_00,6.595146,6.505493,1.1468188
scene0610_01,2.5407226,1.6969645,2.48148
scene0280_01,4.6223707,4.6377926,2.8181908
scene0268_01,3.5985346,2.8923898,2.098626
scene0630_04,2.9950316,6.286138,2.812771
scene0675_00,3.8063555,5.301311,2.4676778
scene0301_01,6.1039314,5.03215,2.4537683
scene0067_01,2.4212718,1.8657894,1.9472034
scene0232_01,2.8903823,1.7022381,2.4663892
scene0178_00,4.5456815,7.4159045,2.97991
scene0350_00,3.4480262,5.1980057,2.3051286
scene0057_00,4.361031,7.388094,2.228999
scene0163_01,3.9742274,6.253584,2.5267584
scene0703_01,5.404477,7.379716,1.9625192
scene0596_02,4.599267,6.074073,2.1318123
scene0472_02,4.6774435,8.237597,2.5452075
scene0110_00,5.367916,4.4457073,1.9918017
scene0698_01,3.465366,7.7333465,2.6647742
scene0157_01,2.7641199,3.4414923,1.3489245
scene0161_01,3.611969,2.8237486,1.068471
scene0105_02,1.8554889,1.7454762,2.0052688
scene0529_02,4.9705257,6.5821366,2.508829
scene0364_01,3.3150754,3.668353,2.4004648
scene0162_00,5.0766306,6.0059466,2.4626098
scene0236_00,3.5900745,3.9910374,2.4492662
scene0603_00,6.197234,6.4022098,1.8600166
scene0540_01,5.3706417,6.8259134,2.4618728
scene0482_01,2.2798705,5.4812183,2.4835374
scene0544_00,3.2157168,5.3702345,2.1162422
scene0677_01,4.04809,7.4099984,2.1361504
scene0268_02,3.7399898,2.9236796,2.1462154
scene0442_00,6.386037,6.3009467,1.5214298
scene0273_00,5.7510424,7.5815063,3.770646
scene0612_01,2.4309614,4.122255,1.7132319
scene0121_01,2.3002064,3.4858873,2.5957026
scene0321_00,3.821115,5.80789,2.3091276
scene0642_02,4.083047,7.151737,2.2976644
scene0692_01,6.3034315,6.1133833,3.5936346
scene0297_01,5.3784065,5.0315475,2.6222608
scene0367_01,5.071113,6.3354797,1.7273223
scene0274_00,2.9620552,5.45776,2.9319587
scene0376_00,3.031705,4.8768187,2.498461
scene0612_00,2.2899296,4.209773,2.2350316
scene0017_01,3.8520632,4.7526183,3.1258404
scene0099_01,4.4874687,4.8538456,3.4497797
scene0630_02,2.9339762,5.670996,1.9332126
scene0450_00,4.189876,5.7542024,2.1963105
scene0604_02,6.064176,5.4432507,2.5022242
scene0150_02,2.818128,3.5886817,1.7259028
scene0667_00,9.2691,10.9548,2.427869
scene0074_01,1.4335518,3.5404332,2.7935507
scene0564_00,3.2451735,2.1916225,3.8819404
scene0530_00,5.6312304,5.9040847,3.1151621
scene0486_00,4.0287533,9.786198,1.9256673
scene0291_01,5.1006784,6.9972997,1.7385669
scene0028_00,4.4262104,7.606042,2.0219958
scene0498_02,3.0639336,4.783942,2.5528603
scene0259_00,4.196506,7.5660653,1.9563745
scene0528_00,3.5785332,5.2931757,2.025312
scene0610_02,3.0616505,2.4908028,2.5436623
scene0416_03,3.9835587,7.3190994,2.1392093
scene0611_00,3.6902914,6.7087183,2.0888433
scene0514_01,5.0000815,4.778321,2.4849324
scene0436_00,3.6841815,5.4528255,2.6291656
scene0476_01,3.7371507,4.4783416,2.3934438
scene0106_02,5.0386114,7.137154,2.4322546
scene0539_02,3.7860112,3.6897972,2.2373087
scene0180_00,5.619804,11.259411,2.2512922
scene0212_01,5.279193,5.967372,2.736942
scene0396_00,3.112234,2.1369076,2.525456
scene0473_00,4.3615937,4.157984,2.43628
scene0272_00,3.9527903,3.9447827,2.85647
scene0459_01,5.286556,5.8403068,1.7124677
scene0525_02,4.62268,5.567626,3.3686683
scene0346_01,2.8505373,3.828433,1.4010276
scene0390_00,5.037488,5.2799964,2.705967
scene0475_02,7.1394887,10.446065,1.5128784
scene0635_00,3.086597,3.9657393,3.4372864
scene0201_01,5.2018094,6.5309258,2.4965105
scene0600_00,3.6371343,4.291261,2.5814316
scene0110_01,5.4768972,4.5966296,2.274526
scene0271_00,3.727992,5.6718435,2.3684769
scene0330_00,7.513192,6.2499957,2.2608175
scene0637_00,4.4782944,5.0363884,1.349717
scene0259_01,4.1546626,5.938033,1.653797
scene0093_00,3.7359166,4.997836,2.2182813
scene0132_02,5.2789984,6.7316055,2.5000396
scene0642_03,4.095983,6.97795,2.3852985
scene0352_00,3.2456222,5.335783,2.7276125
scene0302_00,5.6679707,5.726595,2.9013052
scene0186_00,7.714259,6.0373545,3.419126
scene0392_00,4.902691,6.5999165,2.5906937
scene0291_02,5.082486,6.9503155,1.6829411
scene0279_02,4.1393223,7.4025774,2.496626
scene0286_01,4.097614,7.278805,2.4700506
scene0241_02,2.8853927,3.707111,2.4788415
scene0134_02,4.836084,4.1363482,2.3240168
scene0078_00,3.7781782,4.465909,1.7784039
scene0548_00,3.113212,4.037527,2.8238952
scene0361_01,6.764514,5.6587315,1.186643
scene0672_00,6.947727,7.1170425,3.4173408
scene0241_00,2.917379,3.7477455,2.4171755
scene0600_01,3.6285057,4.94793,2.5375476
scene0463_00,3.9565213,5.000347,2.9705188
scene0627_01,4.5857115,7.6871357,3.0836396
scene0042_00,3.1748629,3.9911757,2.1552641
scene0437_00,5.5445433,4.1988964,1.3017169
scene0013_02,5.5351515,5.281505,0.96834475
scene0166_02,4.4386015,4.04317,2.7912047
scene0407_01,4.496013,4.3992825,1.8608091
scene0114_01,3.433125,5.9339786,3.0421176
scene0631_00,3.6830354,3.1484277,2.336878
scene0043_00,4.480666,7.223626,2.109896
scene0191_01,3.4836133,7.228883,2.0104012
scene0545_02,3.2129712,4.8336916,1.9527268
scene0362_02,4.308816,5.6562796,2.3702013
scene0605_01,4.4752755,5.8592434,2.299361
scene0376_02,2.9841251,4.879797,1.9968655
scene0407_00,4.5821953,4.656984,1.6252649
scene0229_01,3.9460897,4.207105,2.4938807
scene0399_01,4.8031473,3.1654212,1.680325
scene0195_02,3.2707806,3.7011,2.46191
scene0650_00,3.4300847,6.6947284,2.5635817
scene0276_00,4.4923167,8.058739,2.5296805
scene0027_02,3.9854627,5.932016,2.3562448
scene0126_00,3.4303393,5.64229,2.7907338
scene0183_00,2.9031818,2.6274524,0.55718905
scene0033_00,5.7302947,11.015694,1.900969
scene0143_02,3.9570696,6.715235,2.5964575
scene0101_04,4.8484774,5.471259,2.7010927
scene0532_00,4.395256,3.8924532,2.1201131
scene0439_01,7.008104,3.6712875,2.5676563
scene0365_00,4.565691,3.3853352,2.0426776
scene0061_01,5.339172,6.1412907,2.1459105
scene0682_00,4.232642,5.828695,2.201735
scene0340_00,4.1206927,7.473488,2.3365812
scene0205_02,2.9378328,3.622212,2.4700897
scene0296_01,6.3665466,6.7917204,2.7655566
scene0505_02,6.20872,5.06188,3.0235353
scene0230_00,3.683406,5.2397966,1.7758656
scene0279_00,4.1561775,7.6722336,2.5495467
scene0453_00,5.7915673,7.66675,1.5256656
scene0393_01,4.5481277,6.0345325,3.096332
scene0104_00,2.8682718,4.1998434,2.5437353
scene0505_00,5.8016424,5.63597,3.070228
scene0411_02,5.786273,10.114424,2.7949264
scene0501_01,2.8156407,3.0591135,2.62297
scene0040_01,4.722312,5.6685133,3.0133405
scene0310_00,2.219112,3.7387187,2.964637
scene0491_00,3.2220664,4.9749737,2.6238058
scene0529_01,5.1309423,7.754485,2.5665944
scene0515_01,5.726288,6.583949,2.7392967
scene0369_00,4.440382,5.1295524,2.5707026
scene0705_01,2.917265,4.1613646,2.3420742
scene0003_00,4.8246865,3.6553874,2.9847193
scene0404_02,2.777972,3.6179352,2.8163729
scene0478_01,2.9877965,3.736991,2.324581
scene0114_02,3.4713507,5.601143,2.8104823
scene0694_00,4.6800356,9.84447,2.7099264
scene0520_01,8.036909,8.145733,2.4015605
scene0270_01,5.5383005,8.496448,2.6161325
scene0536_00,3.8068242,7.413234,2.2990851
scene0452_02,3.5523944,5.539057,2.9721
scene0166_01,4.080876,4.282683,2.8702974
scene0387_02,7.1537275,8.055177,1.4453865
scene0582_01,3.4077916,5.5849276,3.0143917
scene0241_01,2.9007585,3.764185,2.3852794
scene0085_01,4.3268194,5.731418,2.3021312
scene0630_05,3.147523,5.765239,2.2875638
scene0641_00,5.282583,7.43917,2.1379588
scene0014_00,3.2359595,3.2302008,2.6782265
scene0440_02,4.352564,5.6553345,2.470015
scene0570_02,3.3241875,1.5799178,2.392784
scene0403_01,6.2551374,7.3955727,2.4814968
scene0369_01,4.11445,5.0723147,2.743061
scene0220_01,3.9228413,7.623843,2.9015846
scene0562_00,4.4646635,4.692485,2.5073419
scene0280_02,6.1211867,5.719615,2.804419
scene0296_00,6.090048,6.4224334,2.8619516
scene0619_00,4.9836674,5.032585,2.1077266
scene0420_01,5.761898,6.9384747,2.5874243
scene0484_00,5.1489105,6.047161,1.5167592
scene0386_00,7.047615,6.561441,2.9947064
scene0688_00,3.9258227,4.010312,2.906155
scene0476_00,3.7514062,5.108253,2.7380652
scene0179_00,3.679438,5.256608,3.0332282
scene0567_01,4.084471,4.9360056,2.6732001
scene0295_00,4.165106,2.939714,1.7819647
scene0649_01,2.3727205,3.467054,2.5172625
scene0646_00,6.165615,6.8462715,2.7581756
scene0502_02,4.3223925,9.003111,2.8688545
scene0656_00,4.5995817,5.250756,2.421759
scene0528_01,3.7533803,5.216694,2.0123112
scene0049_00,3.574434,3.7112052,2.5167572
scene0480_01,3.595474,4.02599,1.8927515
scene0405_00,2.3700418,4.0982027,2.469318
scene0080_02,2.041654,3.6687412,1.7260714
scene0573_01,4.7892604,6.7010536,2.276227
scene0614_01,3.7557526,6.4180174,2.860269
scene0657_00,5.256531,5.8425865,3.0029225
scene0545_01,3.1285324,4.165351,2.520768
scene0656_03,3.6455655,5.425503,2.3774602
scene0315_00,6.237753,8.284987,2.2601724
scene0556_00,5.7091875,6.270191,2.2079363
scene0533_00,8.179737,8.720806,1.9883583
scene0370_02,8.999558,7.983452,2.1513546
scene0074_00,1.4320133,2.9214265,2.8142102
scene0101_05,4.850461,5.912661,2.6882367
scene0044_00,2.7612886,4.20995,4.266818
scene0235_00,4.979703,5.6488,2.5072672
scene0359_01,3.3015127,3.9019313,1.7641276
scene0148_00,6.3068004,5.3368134,1.5326145
scene0408_01,3.9978504,5.8164444,3.000729
scene0505_01,5.7190266,5.4813795,3.3207371
scene0446_01,1.5679743,2.7317662,2.1868973
scene0087_01,4.91333,5.2654953,2.0598059
scene0285_00,3.9925253,7.1666613,3.0273666
scene0446_00,2.8246143,1.6147399,2.2891543
scene0061_00,5.4601846,6.761714,2.0408008
scene0211_01,3.2610893,4.0939436,2.5742626
scene0147_01,5.609437,7.4815273,2.7417724
scene0369_02,4.288177,5.092683,2.7183661
scene0348_02,2.3107433,3.7610443,2.462563
scene0557_02,5.0955644,5.433119,1.879342
scene0640_02,4.5180755,8.830231,2.890036
scene0594_00,8.158448,5.7871304,1.2263132
scene0211_00,3.1156363,4.4350834,2.5668428
scene0213_00,5.004589,9.212591,2.5521858
scene0115_01,5.6073465,8.09667,2.4195216
scene0227_00,3.5504503,3.8365817,2.1363513
scene0344_00,3.9242742,5.0423527,1.1601092
scene0188_00,4.419324,5.0457344,2.6001592
scene0602_00,2.4714997,2.165865,1.9690177
scene0516_00,6.5159464,5.6108894,2.455707
scene0397_00,3.893539,4.1062717,2.6480672
scene0078_01,3.542866,4.48271,1.8330483
scene0628_00,3.2277894,4.4336157,2.5691922
scene0415_02,2.1430705,4.2385015,2.16171
scene0083_00,1.7161709,2.122034,2.374866
scene0055_01,3.186242,3.6593297,2.4031494
scene0569_00,4.0401373,5.8620133,2.359369
scene0248_00,5.486074,4.9704466,1.5571752
scene0301_00,6.2542973,5.004965,2.202256
scene0323_00,3.106814,4.910451,2.5015523
scene0452_00,3.6133308,5.5069904,3.031351
scene0009_02,3.3947446,9.128857,1.632126
scene0352_01,3.1575136,5.039715,2.9242206
scene0501_02,2.8021042,3.0695767,2.7132652
scene0127_00,3.8829987,6.5452814,2.5357938
scene0375_00,1.6367118,2.4428248,2.121677
scene0195_00,3.273458,4.693906,2.3348804
scene0082_00,4.971763,7.969966,1.7514291
scene0661_00,5.960359,8.189784,1.9300518
scene0186_01,5.377989,5.818468,2.4916458
scene0403_00,6.396508,7.2765007,2.4837956
scene0582_00,3.4298706,5.599316,2.6977901
scene0443_00,3.6741168,6.281771,1.5486321
scene0679_01,3.6226912,5.589166,2.4564612
scene0451_04,4.867048,7.569025,2.527091
scene0218_01,6.3293457,10.013635,2.33543
scene0409_01,5.234989,6.017428,2.9085693
scene0470_01,2.667221,3.6353493,1.4577835
scene0181_00,5.1107817,6.897981,2.5593534
scene0475_01,7.304779,9.978901,1.9020604
scene0545_00,3.1120505,4.7041693,1.9939843
scene0089_01,3.2688458,4.29302,2.4275682
scene0336_01,6.011492,4.0200715,3.2079992
scene0292_00,3.629097,4.6427,1.2607045
scene0440_01,4.344596,5.620784,2.1870518
scene0605_00,4.5919056,6.475429,2.4916365
scene0473_01,4.593317,4.2710295,2.1852155
scene0632_00,3.6686285,2.8194518,2.0778792
scene0561_00,5.287765,7.5707445,4.331643
scene0071_00,2.9477067,4.1464376,2.9165163
scene0051_01,6.389412,6.1762543,2.7931201
scene0418_02,5.4139767,4.7000265,2.2674649
scene0323_01,3.0346203,4.8063335,2.5561543
scene0070_00,3.1079803,4.2466903,2.553593
scene0425_00,3.300871,4.7000327,2.1585302
scene0424_02,3.5277102,4.2690773,3.0535731
scene0584_01,3.6688476,7.9094305,2.6276903
scene0264_02,4.066958,4.1864796,2.5924356
scene0504_00,3.6979814,6.5906286,3.2694633
scene0516_01,6.7131844,5.820362,2.4692178
scene0523_00,2.4323359,2.4762208,2.1684628
scene0687_00,3.5095417,4.030083,2.272911
scene0380_01,3.8028336,5.4265385,3.082394
scene0395_02,3.6420999,5.850302,3.44379
scene0118_02,3.29011,7.718504,2.5407012
scene0117_00,2.9579802,4.7878056,2.6997795
scene0092_04,3.9577465,8.027512,2.499928
scene0072_00,2.2262664,4.2054305,2.5766554
scene0366_00,4.191915,3.1831646,2.5196896
scene0677_00,4.078561,7.5187607,2.0898342
scene0173_02,5.0324974,6.243188,2.5656662
scene0152_01,9.089845,10.073431,3.1634421
scene0001_00,4.7977033,7.911987,2.2797937
scene0101_03,4.8235226,6.993474,2.5558088
scene0048_01,5.9400024,5.159005,2.7061775
scene0225_00,7.3392277,9.591786,2.191629
scene0346_00,4.0296836,3.541151,1.701455
scene0521_00,4.6234517,5.8067293,2.5295448
scene0604_00,5.931137,5.5519056,2.6484272
scene0124_01,2.0370893,3.994308,2.695873
scene0538_00,2.2027507,3.3113334,3.7449882
scene0457_00,2.8548737,4.0865946,2.394963
scene0290_00,2.210401,14.46553,2.683887
scene0393_00,4.747016,5.73827,2.9890375
scene0065_02,3.9527376,3.6458497,1.978552
scene0065_00,3.666445,5.8424435,1.8600982
scene0555_00,6.1522474,7.4622746,2.1433554
scene0452_01,3.5553331,5.574623,3.1075869
scene0055_02,3.1656559,3.667777,2.5005202
scene0288_01,4.6337075,4.761039,2.4350038
scene0472_00,4.6153526,8.092166,2.4063582
scene0274_02,3.0003843,5.0727396,3.2082472
scene0134_01,4.7190247,4.3247,2.437729
scene0469_00,3.7399192,5.1246867,2.4295764
scene0189_00,8.298786,15.294119,2.6000962
scene0335_00,4.2300706,7.993284,2.4949698
scene0237_01,2.5289462,2.142307,1.4920629
scene0035_01,4.0410223,2.9961658,2.12855
scene0320_03,3.9321365,10.124878,3.0325656
scene0536_01,4.121657,7.193263,2.2631192
scene0165_02,3.9839199,5.8518724,1.9585176
scene0155_00,6.780902,7.3519144,2.135697
scene0288_02,4.6349,4.456344,2.503409
scene0615_01,3.6369233,4.67962,2.5093565
scene0517_00,4.876212,7.0526466,2.8727534
scene0000_01,7.0151405,7.3231087,3.0792017
scene0319_00,5.24136,9.26475,2.878004
scene0252_00,3.6019192,4.050108,2.659193
scene0667_01,7.2540464,10.811314,1.9414978
scene0457_01,2.8719378,4.004902,2.383971
scene0532_01,3.2177463,4.618921,2.0794759
scene0579_01,4.330903,4.907398,1.9172853
scene0416_00,4.0548286,7.3811026,2.3183997
scene0434_01,1.519176,4.4219704,2.274932
scene0589_01,3.4534464,5.4092073,2.5541713
scene0232_00,2.8795223,3.1184664,2.503972
scene0004_00,4.6865377,10.017649,2.040914
scene0244_00,4.8102684,4.007192,2.199916
scene0150_01,4.037619,5.0276327,1.9589052
scene0567_00,4.0732327,4.9669304,2.679359
scene0509_02,2.084136,2.5457337,1.9282165
scene0630_00,3.010903,7.373928,1.8256706
scene0485_00,2.1741533,2.9022474,2.489002
scene0482_00,2.3195732,5.652016,2.600669
scene0499_00,7.989441,8.839642,3.6596382
scene0264_00,4.071261,4.1643724,2.5267193
scene0142_00,5.9049077,5.337429,2.8423092
scene0123_01,6.1888056,7.489393,1.7228538
scene0692_03,4.1911016,6.0869093,3.3185863
scene0477_01,4.84803,9.722883,2.8710778
scene0185_00,9.789652,9.9041,3.0873227
scene0219_00,3.5656362,3.8964682,1.0952405
scene0529_00,5.077524,7.049619,2.4899907
scene0331_01,4.9181957,4.266829,2.7972043
scene0093_02,3.6906984,4.316669,2.4077005
scene0468_00,3.765571,5.354925,2.4509473
scene0415_00,2.096594,2.47578,2.1555054
scene0166_00,4.020786,4.319994,2.9774985
scene0459_00,5.049224,5.729414,1.6459763
scene0383_00,2.2422857,5.531143,2.8684385
scene0192_01,3.8160508,4.5734625,2.1805398
scene0309_01,8.149323,5.8970304,2.8180835
scene0170_02,2.4807827,2.3607028,2.2981298
scene0181_03,5.1923575,4.9365077,2.4340916
scene0310_02,2.694059,3.8815618,3.0364828
scene0363_00,4.0659857,6.9981165,2.4183066
scene0073_01,3.1442285,3.5499992,2.6539247
scene0233_01,5.0013394,5.3139844,2.7516518
scene0165_01,3.4801323,5.639889,1.6724873
scene0464_00,2.8977895,5.503347,2.8225007
scene0344_01,3.9100764,5.7298346,1.2306185
scene0120_01,2.4304209,5.8685503,2.495657
scene0597_01,4.921897,6.173963,2.2266917
scene0508_01,3.5333834,4.991509,2.1876915
scene0266_00,6.039215,5.2924743,1.9668804
scene0352_02,3.198357,5.016427,2.7656977
scene0554_01,2.492971,4.9125214,2.6551836
scene0320_00,4.029693,15.856996,2.5527015
scene0387_00,7.3042593,7.3190517,1.5416669
scene0451_05,4.449268,9.288991,2.691975
scene0282_01,3.7130089,3.8204088,2.0282376
scene0042_02,3.1474657,4.4301205,2.3323896
scene0654_01,5.8908596,5.514453,2.5629654
scene0543_00,3.032934,5.5695667,1.4216036
scene0310_01,2.2848916,3.7897062,2.9827352
scene0361_02,4.436931,5.954033,1.6368123
scene0705_02,2.837748,5.3033156,2.317478
scene0031_01,5.7738657,7.4685426,3.7553787
scene0284_00,2.9606318,4.7577076,3.0599687
scene0509_00,2.5250382,2.1433222,1.7453713
scene0642_00,4.0662575,8.209945,2.3409545
scene0424_01,3.4048624,3.9054987,2.6443543
scene0312_02,8.40835,8.53167,2.8211536
scene0157_00,2.755167,5.0806794,1.5239044
scene0557_01,5.4833713,5.407522,2.1070428
scene0091_00,3.1763983,4.0433235,2.3733096
scene0481_00,7.087454,7.7277,3.0324063
scene0008_00,6.1298895,11.414419,3.2588336
scene0416_02,4.0182405,7.4356008,1.9719495
scene0590_01,3.6621428,8.671286,2.5302534
scene0172_00,4.0390167,3.5952306,2.4468899
scene0631_02,5.0716853,4.6392107,2.4824164
scene0392_02,3.0385416,4.737735,2.4667175
scene0009_00,5.445748,6.915926,2.1340175
scene0327_00,4.406781,4.5935445,2.4491413
scene0074_02,1.4466741,3.4126453,2.7799687
scene0175_00,3.220519,5.088517,2.5456364
scene0487_00,4.219059,5.3008814,3.145916
scene0561_01,5.752088,7.37595,4.641754
scene0200_01,4.058446,4.1600757,1.620059
scene0675_01,3.7897053,5.328242,2.5037572
scene0322_00,2.7497072,6.7070236,1.2767656
scene0411_01,5.7750835,10.252243,2.6767328
scene0418_00,5.330794,4.4749846,2.2866218
scene0479_02,2.7320604,2.6521275,2.5810418
scene0317_01,7.97001,10.151482,1.6183759
scene0250_02,2.7990694,5.5247083,2.4121327
scene0312_01,8.795316,9.563147,2.2671
scene0136_02,2.7327237,4.74879,2.5643404
scene0096_00,4.2676373,4.406935,2.4948518
scene0576_02,3.6865993,5.3779984,2.5153706
scene0242_02,2.5507205,3.9098577,1.9127817
scene0358_01,5.0599957,5.14618,2.6077156
scene0420_02,5.706309,6.9817796,2.5220256
scene0620_00,3.7789607,3.163846,1.9891868
scene0121_02,2.351234,3.3886514,2.7134032
scene0056_00,5.7601357,6.9450274,2.946215
scene0524_01,3.9395938,4.7697787,2.3544712
scene0170_01,2.512606,3.6481476,2.3150008
scene0298_00,2.9057593,4.229751,2.0522735
scene0243_00,2.3495584,3.6187901,2.6133237
scene0138_00,6.3333497,8.19987,3.1093092
scene0585_01,6.7996826,3.2320237,2.6819236
scene0640_00,4.516446,10.334497,2.54674
scene0214_01,3.7381697,5.8948574,2.5007076
scene0434_00,1.5237904,2.3160465,2.255448
scene0047_00,4.5288677,6.0365334,2.4327095
scene0287_00,3.4785447,3.6052098,2.4331603
scene0401_00,5.3361654,6.6597652,1.8621471
scene0597_00,4.9457097,6.1527033,2.247221
scene0059_02,5.00741,6.398893,2.7739453
scene0194_00,6.4408054,5.776187,2.5570877
scene0581_02,3.8729482,4.340793,1.6206484
scene0016_01,3.911138,4.9610825,2.5305512
scene0592_00,7.868729,8.699121,2.7894614
scene0293_00,5.3262815,4.6413693,2.027158
scene0002_01,4.326941,5.52794,2.8210623
scene0171_00,4.397172,6.234297,1.5407368
scene0097_00,2.7965527,4.205195,2.704094
scene0359_00,3.3508592,5.0295563,1.7003787
scene0505_04,6.248927,5.1154895,3.0350404
scene0109_00,2.4485688,5.7587905,2.6699667
scene0469_01,3.8137863,5.0985565,1.9175085
scene0022_00,4.911491,8.422244,2.2449524
scene0013_01,4.2498207,4.551419,0.9863201
scene0006_02,4.148958,7.2950583,2.7889428
scene0201_00,4.7799826,6.870988,2.505106
scene0624_00,6.781891,6.6313696,2.2408316
scene0483_00,6.954752,6.2575893,1.6824474
scene0191_02,3.609768,4.5270553,1.9132271
scene0039_00,3.720399,4.5717587,1.6288259
scene0265_00,1.9868386,2.4878554,2.1488228
scene0677_02,4.047645,7.285538,2.2659874
scene0547_02,3.4141564,5.8404365,2.8457232
scene0141_02,3.142592,4.9661717,2.7163718
scene0706_00,3.9793983,4.239744,2.7556422
scene0126_02,3.658488,5.490313,2.8620796
scene0669_01,5.0570636,7.80846,2.568397
scene0337_01,1.6911191,1.669997,2.5788708
scene0250_00,2.757419,5.5560203,2.380299
scene0554_00,2.5022326,4.9171124,2.6854205
scene0548_01,3.1857004,4.029346,2.8235579
scene0173_01,6.037925,6.468277,2.1119523
scene0399_00,4.0121346,5.4201145,1.8459692
scene0347_01,2.9631472,3.7010765,2.523621
scene0065_01,3.9271243,3.7001019,1.578105
scene0282_02,3.7861857,3.8757803,2.0101209
scene0303_02,3.8079925,4.2091117,2.4552412
scene0680_01,3.8507848,4.2609425,2.125746
scene0121_00,3.9122999,3.4597437,2.788649
scene0447_00,2.3834171,3.5571208,1.4043081
scene0449_00,2.5847344,1.7025348,2.357098
scene0099_00,4.782215,4.7181892,3.6451952
scene0548_02,4.100436,3.1539693,2.890894
scene0525_01,4.635618,5.603986,3.0607677
scene0419_02,5.0788755,8.665836,2.8131657
scene0659_01,1.5097332,2.2768428,1.9281512
scene0260_01,2.4647708,2.8979313,2.1694212
scene0398_01,3.8160288,5.296702,1.9752526
scene0242_01,2.5626798,3.719643,1.7410802
scene0511_01,2.359196,5.601962,2.711309
scene0453_01,9.294911,7.6007576,2.0579479
scene0051_00,5.940158,6.2777357,2.9520075
scene0000_00,7.0384436,7.198428,3.023786
scene0418_01,5.336477,4.5009317,2.3845587
scene0444_00,1.3230615,2.7224064,2.7922668
scene0080_01,2.0451171,2.0164537,1.9323765
scene0093_01,3.7535105,4.361785,2.3749382
scene0451_01,4.323268,6.9527597,2.534838
scene0493_00,4.694384,4.580099,1.6947496
scene0417_00,3.8862753,5.951044,2.6411784
scene0029_00,1.5074788,1.9756094,2.4292002
scene0463_01,3.7821822,5.363028,3.2340164
scene0261_00,3.4335299,5.1232166,2.7405963
scene0262_00,4.2374015,6.779731,2.8093412
scene0195_01,3.2519221,3.8118186,2.3523889
scene0673_01,6.240139,7.9505825,2.6697278
scene0546_00,2.5397654,3.3747475,2.1315343
scene0433_00,4.5927777,4.259079,2.375285
scene0021_00,5.614266,5.874906,1.2902876
scene0165_00,3.886095,5.5232124,1.698179
scene0381_01,3.31788,4.6646748,2.3332937
scene0211_03,3.2375846,4.722168,2.5642421
scene0006_00,4.015748,7.5267324,2.6990259
scene0168_00,4.401396,7.1149645,2.9483993
scene0258_00,4.527149,7.7786746,1.8531923
scene0585_00,3.293008,8.476034,3.1169817
scene0297_02,5.370719,4.8583145,2.740146
scene0438_00,3.070041,3.4975975,2.452006
scene0286_00,4.0877132,7.217271,2.4540436
scene0582_02,3.4825983,6.277628,3.0135064
scene0511_00,2.3914237,5.6828175,2.2099562
scene0240_00,2.7607436,3.9135656,2.6160908
scene0626_01,3.4860387,4.564168,2.3661392
scene0289_01,4.267141,4.2013435,1.3711729
scene0056_01,5.454733,5.2519293,2.534015
scene0032_01,3.645359,3.296663,1.7238729
scene0232_02,1.7262125,2.9168687,2.3286495
scene0400_00,3.8197625,5.355282,2.443202
scene0158_01,2.3409522,4.9605837,2.4525566
scene0212_02,5.5584683,6.739834,2.832796
scene0457_02,2.8635087,4.0398574,2.3917694
scene0628_02,3.2927601,4.5199294,2.53343
scene0627_00,6.4015408,10.020603,2.280513
scene0269_02,6.0205774,7.6512628,1.6383021
scene0112_00,1.9108013,3.487115,2.3714309
scene0060_00,3.714374,7.7848682,2.5738134
scene0023_00,5.048594,6.686206,2.5681033
scene0543_01,3.3933883,5.634488,1.4829903
scene0447_01,2.3626974,3.2120042,1.2748662
scene0101_01,4.7813644,6.8518815,2.6215618
scene0005_01,4.0978565,5.0801024,2.4940898
scene0212_00,5.954647,5.8633785,3.0198696
scene0374_00,7.993106,6.5563846,2.4576283
scene0125_00,5.1041155,6.3916516,1.5500718
scene0469_02,3.7032323,5.0508127,1.7867628
scene0692_04,2.551856,4.9940853,5.046239
scene0009_01,5.0654836,7.4900665,1.6738167
scene0468_02,3.8326821,5.105837,2.43758
scene0128_00,3.8937864,4.2094784,2.7507563
scene0129_00,5.683565,5.193388,2.223563
scene0341_01,3.694777,5.3038225,2.7478535
scene0038_01,4.825328,8.465246,1.2463864
scene0053_00,3.854033,4.8703356,1.5204511
scene0383_01,2.2412963,5.5760612,3.090888
scene0012_02,3.6698372,4.6727114,2.452811
scene0265_01,2.0101686,2.4887762,2.121565
scene0656_02,3.6332912,6.7431726,2.376834
scene0429_00,4.3920918,2.5736046,2.6634877
scene0043_01,4.393823,5.737668,2.544126
scene0547_01,3.3929653,6.027639,2.8704734
scene0263_00,3.8584118,4.5772624,2.6396112
scene0205_00,3.1610546,3.717392,2.6896017
scene0341_00,3.6613412,5.2900467,2.7282906
scene0526_00,2.8090158,4.676996,1.4276938
scene0215_01,7.135241,5.914977,1.5296156
scene0541_01,3.9703314,4.4303036,2.476832
scene0044_02,2.6250134,5.0237827,4.901504
scene0044_01,2.5765252,4.980502,5.1410995
scene0673_04,8.058622,8.026618,2.5516918
scene0348_01,2.273644,4.243327,2.940102
scene0301_02,6.0072126,4.8676596,1.8381083
scene0394_01,5.2372403,4.534727,2.7418032
scene0620_01,3.7492456,2.9906223,1.8562967
scene0662_01,1.4832299,2.3681154,2.1409593
scene0666_02,4.8959208,7.4954715,3.1662147
scene0372_00,4.4139366,7.0660963,2.191951
scene0617_00,5.1126547,4.21204,1.7837135
scene0172_01,3.5602136,4.1161838,2.5690997
scene0510_02,5.073131,3.7913902,2.3611856
scene0470_00,2.67198,3.502514,1.3663954
scene0114_00,3.4699516,5.603795,3.1500726
scene0007_00,2.2113566,5.772072,3.058398
scene0573_00,2.730425,6.425605,2.328682
scene0244_01,4.316912,4.9469748,2.1070757
scene0112_02,1.9020631,3.795764,2.4324214
scene0362_01,4.250168,5.425337,2.3777425
scene0143_00,2.8054976,4.525776,1.9074965
scene0451_00,4.852727,9.288921,2.5275846
scene0576_01,4.9298954,6.6757765,2.347621
scene0132_01,6.595146,5.221913,2.518072
scene0340_02,4.122562,7.391365,2.4761343
scene0510_00,6.183605,3.8263679,2.5102797
scene0155_02,6.2301974,6.085332,1.6271298
scene0673_02,5.9879737,8.0521145,2.419352
scene0396_02,3.1259742,2.1530027,2.5041797
scene0054_00,5.7338486,10.016028,3.7331793
scene0536_02,4.2757554,7.785655,2.1696231
scene0103_01,3.6983368,3.2209492,1.4051713
scene0523_01,2.4614508,2.436318,2.1559162
scene0634_00,5.6656427,7.4249787,1.9286093
scene0525_00,4.600164,5.6078978,3.2464178
scene0502_01,4.1678867,8.914059,2.5134406
scene0509_01,2.122503,2.4328196,1.9441786
scene0581_00,4.0994215,5.783207,1.9449775
scene0385_00,4.6342473,5.529188,3.1246915
scene0419_01,5.052288,8.357586,3.1486828
scene0592_01,7.885974,7.691308,3.2335231
scene0622_01,7.9848423,5.40522,1.862433
scene0507_00,3.498817,3.5389423,1.8816278
scene0381_02,3.5004895,4.973064,3.2463815
scene0283_00,5.3298225,6.2509003,2.011504
scene0160_00,6.6197386,3.6786375,1.2703424
scene0286_03,4.093815,5.346164,2.4290595
scene0570_01,3.3902037,2.0689657,2.4219189
scene0211_02,3.2016401,4.100061,2.623984
scene0059_01,4.870005,6.9640026,2.7465413
scene0261_01,4.277406,5.167122,2.7765088
scene0646_01,6.4172635,6.8325725,3.430953
scene0137_00,4.0164423,7.3589706,2.1094427
scene0540_02,5.474722,6.778741,2.2622824
scene0611_01,3.2137508,5.863639,2.3127337
scene0503_00,5.4678,7.665094,1.3224431
scene0297_00,5.3651533,5.126151,2.5893295
scene0551_00,2.9084063,5.434032,2.0645175
scene0079_01,1.9035428,10.962307,2.7304902
scene0345_01,5.5954647,5.6031995,2.812455
scene0512_00,4.5546103,6.247505,1.486611
scene0623_00,4.453355,5.916462,2.5245218
scene0115_00,5.339513,7.5862145,2.291414
scene0332_01,4.262025,2.963046,2.1505015
scene0576_00,3.8898134,6.701941,2.4444244
scene0276_01,6.227482,8.198964,2.7531111
scene0173_00,6.4734836,7.9016685,1.7559232
scene0002_00,4.5364437,5.549065,3.159731
scene0659_00,1.5926809,3.1937501,2.308192
scene0303_01,4.2329288,4.210403,2.354498
scene0420_00,5.711853,7.0692053,2.723214
scene0335_02,4.481122,6.7463527,2.5199976
scene0271_01,3.676681,6.297638,2.4504066
scene0325_01,4.150276,6.856183,2.2337506
scene0058_00,3.8446302,5.2423577,2.591113
scene0381_00,2.8975272,4.604632,2.1907716
scene0012_00,3.7037425,4.63813,2.6114795
scene0460_00,3.2033865,4.584058,2.6940546
scene0214_00,2.5655127,5.9439697,2.5085118
scene0177_02,3.7187724,5.5749865,3.3963287
scene0032_00,3.6662388,3.2439158,2.0207016
scene0248_02,4.568962,6.6925354,1.2826866
scene0177_01,3.5185127,5.6214314,3.1064837
scene0037_00,8.83901,5.869524,1.7166648
scene0292_01,3.6355178,4.20708,1.3479468
scene0489_02,4.3845344,4.5999513,2.0810356
scene0005_00,4.089947,4.773422,2.4898424
scene0136_00,2.7533045,4.5357966,2.4719005
scene0122_00,2.7211928,3.4248176,1.9893731
scene0140_00,4.8102856,8.249477,2.7631783
scene0261_03,2.7866976,3.7731178,2.7232451
scene0662_00,1.4924572,2.3365164,2.1100273
scene0604_01,6.176049,5.6530275,2.5549557
scene0115_02,5.608638,6.3860064,2.6145635
scene0373_00,4.108373,3.9655714,1.7390012
scene0445_00,3.3379483,3.9101691,2.271447
scene0672_01,6.3556833,7.463482,3.8568742
scene0589_00,3.2831044,5.4322042,2.570693
scene0508_02,3.5357113,4.3464093,2.1504698
scene0107_00,3.9795825,6.345434,2.4290116
scene0040_00,4.794547,5.5870485,2.6574392
scene0098_01,3.0339513,5.514716,2.7013614
scene0197_01,2.76789,4.4840364,2.459083
scene0089_02,3.2214131,4.009818,2.4588025
scene0161_00,3.6548853,3.100413,1.2290899
scene0294_02,5.153075,5.4541583,2.7558057
scene0313_00,6.18931,3.263555,1.2733774
scene0451_02,4.3435316,7.8008595,2.5255783
scene0267_00,4.4478126,5.5282164,2.8423889
scene0376_01,2.9984283,4.796894,2.2048554
scene0163_00,3.8650036,6.2500973,2.2278097
scene0159_00,5.9693127,5.6890225,2.6166198
scene0034_02,3.9187117,4.866522,2.5579882
scene0048_00,6.4024386,5.0406923,2.4744585
scene0586_00,2.6901069,3.8923469,2.5020485
scene0601_01,4.2668858,8.2804165,2.337512
scene0524_00,3.9380176,4.325484,1.88817
scene0336_00,3.963604,5.737433,3.1333537
scene0229_02,3.880258,4.3317394,2.5226462
scene0206_01,3.7937946,7.014824,3.0857928
scene0498_00,3.8097801,4.59988,2.592339
scene0380_00,3.7998497,5.2097692,2.739924
scene0456_00,3.5107522,7.723567,2.0727177
scene0497_00,8.035585,18.208832,1.9186034
scene0373_01,3.3574305,3.5929203,1.3160841
scene0371_01,3.331005,4.0396223,2.1320662
scene0387_01,7.2134933,8.0048485,1.3717414
scene0472_01,4.6084785,8.077353,2.167394
scene0281_00,7.7155356,8.148373,2.040204
scene0134_00,4.825296,5.1205792,2.46483
scene0069_00,4.5543175,7.3867006,6.9179125
scene0198_00,2.1600547,4.74792,2.343128
scene0581_01,4.052451,4.805277,1.6330721
scene0210_01,2.7159019,4.934969,2.7300966
scene0654_00,5.698491,5.124819,2.4383452
scene0306_00,3.4234424,6.476571,2.6241603
scene0537_00,4.736271,7.678976,1.9073137
scene0105_00,2.2742848,1.7788966,2.4004436
scene0476_02,3.737833,5.046982,2.9430444
scene0060_01,4.7348175,8.133345,2.0970104
scene0027_01,4.0567036,5.8608,2.4787776
scene0556_01,5.7150135,4.2443104,2.0150502
scene0265_02,2.0167725,4.890357,2.1332662
scene0076_00,5.017179,6.4698286,2.3857057
scene0422_00,6.745736,6.472042,1.8200508
scene0102_00,3.9554212,6.4622107,3.1193278
scene0416_01,4.0563517,8.128408,2.3112936
scene0123_02,6.217828,7.45621,1.6703259
scene0168_02,4.2609634,6.4724903,2.9535758
scene0613_01,3.8530283,5.4126606,2.848021
scene0692_02,3.697633,4.3736396,3.5676205
scene0337_02,4.115944,5.5032406,3.1990871
scene0332_00,4.181948,3.546029,2.184728
scene0141_01,3.0873976,5.452066,2.6543677
scene0288_00,4.6531734,4.680376,2.4583259
scene0111_01,4.35255,4.5872436,2.466913
scene0542_00,2.6918242,4.775079,2.9692495
scene0302_01,5.491073,5.560487,2.7390606
scene0404_00,2.8495364,3.4151993,2.800915
scene0662_02,1.4996202,2.3549275,2.1481686
scene0120_00,2.3850994,5.8905807,2.232342
scene0526_01,3.2441287,3.5178375,1.3179544
scene0152_02,11.210493,9.600044,2.9078705
scene0171_01,7.788853,8.447544,2.1862347
scene0229_00,3.912602,5.985161,2.5163844
scene0255_02,2.9180024,3.8066506,2.009254
scene0563_00,4.0688405,5.7232494,2.8147373
scene0042_01,3.1487117,3.8784835,2.3454134
scene0079_00,5.542158,11.764516,2.6956367
scene0419_00,5.01481,9.787227,2.7687473
scene0236_01,3.3069868,3.8535433,2.343131
scene0026_00,3.5061183,3.5391672,2.4458816
scene0375_01,1.6049948,2.4350061,2.2027626
scene0124_00,2.0585608,4.52322,2.6965344
scene0158_02,2.3798084,4.9477625,2.4100645
scene0425_01,3.3024766,5.0862155,2.5487413
scene0102_01,3.975046,6.3477907,3.035808
scene0340_01,4.1284027,7.086101,2.408679
scene0570_00,3.1921306,2.1957605,2.430629
scene0085_00,4.3009753,5.607829,2.3186526
scene0147_00,5.4076242,5.932808,1.8318707
scene0362_03,4.4201183,5.526121,2.3017185
scene0106_01,4.949931,9.059046,2.6078837
scene0274_01,3.0767345,5.017031,2.9686577
scene0016_00,4.105987,5.281145,1.9749384
scene0337_00,3.6193805,3.6821249,1.219425
scene0254_01,5.8021173,4.6457977,2.2033374
scene0465_00,6.12047,5.56524,3.325407
scene0255_01,2.862167,3.7969832,1.9614527
scene0309_00,7.9774013,6.5697784,2.6352398
scene0092_01,3.8974767,5.724496,2.0811007
scene0181_01,5.1047363,6.9810133,2.5341313
scene0201_02,6.183051,5.4317465,2.5200374
scene0539_00,2.663736,3.5973177,2.3710103
scene0029_02,1.5077628,1.9847946,2.3034885
scene0333_00,3.0367873,2.6821938,1.9253209
scene0137_02,3.9843998,7.253936,2.416247
scene0479_00,2.7288613,2.6690323,2.5955474
scene0622_00,7.8506603,5.229661,1.7859851
scene0676_01,2.0851798,2.4450774,2.2310061
scene0487_01,4.083954,5.2605352,3.2399287
scene0350_02,4.536269,5.149858,2.1017313
scene0625_01,1.4881299,2.1023352,2.3407068
scene0218_00,5.744457,12.914429,2.434779
scene0209_01,4.0703278,6.696194,2.5165784
scene0415_01,2.1879916,2.4831495,2.1318486
scene0233_00,4.8965597,4.729319,2.7498896
scene0673_03,4.592952,5.1529617,2.2907197
scene0393_02,4.4065514,5.9673505,3.1724875
scene0140_01,4.7152386,8.322949,2.836576
scene0367_00,6.1689844,6.2487803,2.1262703
scene0031_00,5.58965,7.6325617,3.8915625
scene0151_00,8.090855,9.915252,2.4745574
scene0034_01,4.0148187,4.832184,2.4897344
scene0010_00,4.7763853,5.1960306,2.3307054
scene0057_01,3.9618313,7.9160433,2.2327008
scene0395_00,3.6281977,5.6766376,3.3900514
scene0038_02,5.8518763,10.622611,1.2393336
scene0210_00,2.8790588,4.935471,2.7342694
scene0437_01,3.6412387,4.580403,1.3858479
scene0400_01,3.8444867,5.2381763,2.497443
scene0098_00,2.909143,5.718633,2.5096622
scene0135_00,4.008648,2.2645648,2.6144602
scene0673_00,5.4969997,8.188147,2.5925825
scene0603_01,6.0559425,6.7463875,1.9072647
scene0261_02,2.7707038,3.7728446,2.7965403
scene0250_01,2.7750025,4.018319,2.420758
scene0380_02,3.9919028,5.6806774,2.9394488
scene0610_00,1.6529654,2.48208,2.5037556
scene0392_01,5.145076,6.5530796,2.528699
scene0630_01,2.958511,5.5659266,2.3418384
scene0145_00,6.360395,6.353592,1.9379495
scene0533_01,7.6891575,11.197126,2.4783885
scene0444_01,0.70592576,1.4144964,2.3326178
scene0242_00,2.580493,3.9087977,1.9030113
scene0572_00,6.731477,7.6608505,2.6018972
scene0200_00,4.034572,3.1947703,1.5711813
scene0348_00,2.3123713,2.3968587,2.489901
scene0116_01,2.1146789,3.868721,2.3481693
scene0045_00,4.7341595,6.5494814,2.0618064
scene0674_01,3.6136177,3.9892411,2.5770552
scene0614_02,3.7583835,6.3864417,2.81776
scene0569_01,3.8815012,5.4766855,2.3956163
scene0062_02,2.1268787,2.7134576,2.273228
scene0674_00,4.0738792,4.4696283,3.1538131
scene0597_02,5.0857487,6.329445,2.440565
scene0557_00,4.8838634,5.3664804,2.0835216
scene0626_02,3.4810894,4.784586,2.4671333
scene0572_01,6.4177833,8.206009,2.492709
scene0649_00,2.5076072,3.4243855,2.5471964
scene0062_00,2.11476,2.693821,2.1881106
scene0072_01,2.273426,4.1621666,2.5649426
scene0489_01,4.471926,4.857109,2.0604072
scene0143_01,5.848161,7.003973,3.040062
scene0501_00,2.7768497,3.057819,2.6146164
scene0630_03,3.0481029,6.467743,2.8061595
scene0613_00,3.8816724,5.4261055,2.6508505
scene0375_02,1.6028895,2.4582257,2.2221963
scene0358_00,3.8995337,5.098278,2.1653774
scene0572_02,6.3194437,7.1264706,2.3839893
scene0588_00,9.174088,14.1526575,2.4354835
scene0142_01,5.8509426,5.1367683,3.2397757
scene0498_01,3.5319238,4.7496634,2.588539
scene0012_01,3.634768,4.669569,2.5257974
scene0505_03,6.200116,5.016191,2.7938528
scene0160_02,5.999264,3.5785437,1.3732451
scene0160_04,5.178937,3.4664006,1.1794981
scene0238_01,3.1342084,5.336834,2.7494574
scene0136_01,2.7011814,4.017095,2.3578327
scene0466_00,8.394355,7.361869,2.660541
scene0479_01,2.6889286,2.6679168,2.5902655
scene0692_00,6.4247627,6.268307,3.321387
scene0022_01,4.9102125,10.381912,2.4414191
scene0132_00,5.4184213,6.5729074,2.674531
scene0035_00,5.4106884,3.021874,1.9861972
scene0018_00,2.811275,3.6718493,2.316353
scene0508_00,3.4720938,4.8768883,2.2616923
scene0600_02,3.581947,4.3494544,2.5028636
scene0024_01,6.133392,7.5044813,2.4931471
scene0421_01,2.8829546,3.3309724,2.3979707
scene0094_00,4.1966095,4.60557,2.4216368
scene0137_01,4.0265923,7.2993436,2.3336098
scene0631_01,4.7284575,4.566486,2.436477
scene0068_00,3.6037161,3.8802762,2.8701754
scene0072_02,2.3273866,4.180689,2.595721
scene0534_01,2.2448056,8.292053,2.9107323
scene0113_01,5.3806324,4.050005,1.2592052
scene0705_00,3.0880797,4.3332453,2.451388
scene0601_00,4.2374506,7.9214582,2.5334544
scene0282_00,3.3524015,3.8034487,2.3335533
scene0160_03,5.5000324,3.5871296,1.2637035
scene0371_00,3.4209943,3.2957735,1.3758428
scene0439_00,3.6565986,5.937069,2.5830524
scene0127_01,3.9821928,5.193189,2.5229466
scene0223_00,4.798546,5.0819616,2.5325184
scene0226_00,3.284203,5.056142,2.6433644
scene0515_02,6.3969655,6.6082745,2.814162
scene0642_01,4.1062675,8.15295,2.2946901
scene0394_00,6.4847536,8.514513,2.7716177
scene0116_02,4.0277805,3.9927306,2.394843
scene0089_00,3.280861,4.0759754,2.5578766
scene0370_00,7.9120445,9.267615,2.143543
scene0449_02,2.5702195,1.6931771,2.3462584
scene0209_00,4.1140013,7.306425,2.3989463
scene0640_01,4.5415382,9.323226,2.9091296
scene0306_01,3.553008,4.6180806,2.5486279
scene0058_01,3.8570404,5.2402887,2.871705
scene0024_00,7.096596,7.4399195,2.45161
scene0202_00,4.015629,6.750986,2.2761397
scene0534_00,3.1945019,8.352761,2.4092615
scene0151_01,6.763878,6.6927423,2.5413985
scene0168_01,4.3096457,6.4472055,2.5246832
scene0034_00,3.9943626,4.3659897,2.5288293
scene0073_00,3.1021934,3.483159,2.6365714
scene0666_01,4.8124027,7.2982826,3.266979
scene0519_00,1.9124577,1.7784841,1.8343419
scene0116_00,2.3026042,4.0318995,2.385366
scene0272_01,3.6734424,3.943326,2.4754913
scene0635_01,3.118601,3.9106398,3.460939
scene0520_00,7.82588,7.977808,2.0344155
scene0311_00,2.7112331,7.0438004,2.5539236
scene0493_01,4.6018267,4.4499497,2.4992645
scene0223_01,5.058442,5.062748,2.5444875
scene0027_00,3.8579636,5.894742,2.3908348
scene0024_02,6.715841,7.5121756,2.4355557
scene0181_02,4.6289215,7.2222404,2.8012285
scene0577_00,3.3308866,3.206226,2.6962783
scene0456_01,3.5108209,6.875364,2.2762027
scene0360_00,1.7524713,2.6975183,2.6624408
scene0029_01,1.9898,1.5043375,2.4197462
scene0365_01,3.375972,4.642392,1.9269212
scene0448_01,2.0392754,3.1962795,2.3068619
scene0589_02,3.3936732,5.4210625,2.6211135
scene0130_00,2.7350802,4.892929,2.0772448
scene0038_00,6.111538,10.653152,1.2553557
scene0264_01,4.0356755,4.2437043,2.146597
scene0625_00,2.0545645,1.5588758,2.336862
scene0331_00,4.0101986,4.3510523,2.7831392
scene0361_00,6.429579,4.941496,1.715424
scene0262_01,4.131624,8.066385,2.212384
scene0350_01,3.6368365,5.1488347,2.1909194
scene0445_01,3.8252769,3.340742,2.1946232
scene0628_01,3.2770336,4.517192,2.3683264
scene0270_00,4.436122,6.949603,2.7470226
scene0090_00,5.642159,3.7832465,2.2765133
scene0096_02,4.115286,4.408605,2.5114093
scene0041_01,7.7663355,6.1737633,2.9754646
scene0158_00,2.3481286,4.9391737,2.4054458
scene0523_02,2.5401154,2.4510741,2.1525214
scene0673_05,7.925496,8.08541,2.8773198
scene0364_00,3.733563,3.197446,2.0842223
scene0092_03,4.872544,8.089741,2.7701507
scene0413_00,4.4539266,4.023941,2.4531958
scene0103_00,3.7115295,3.246663,1.4126288
scene0245_00,6.7064247,6.0531044,2.0792794
scene0630_06,3.2651834,5.3268433,2.3979814
scene0279_01,4.1349406,7.7918262,2.273981
scene0495_00,6.589677,6.4403553,2.3824792
scene0248_01,5.089075,5.1276703,1.4277714
scene0226_01,4.3059406,4.4365077,2.7279382
scene0305_00,3.4974298,6.4007215,3.070444
scene0206_00,3.7687378,7.0543375,3.1812003
scene0152_00,8.01214,10.02775,2.6517491
scene0299_00,4.313325,6.875581,1.8954945
scene0177_00,3.6280656,5.5684814,2.9434474
scene0409_00,5.5506887,5.1372695,2.7107327
scene0449_01,2.5892105,3.090331,2.3158643
scene0003_02,3.4167218,5.10033,3.0602803
scene0197_02,2.701283,4.588517,2.5579956
scene0006_01,4.077319,7.458967,2.6243584
scene0506_00,5.132193,4.235932,2.4441404
scene0215_00,5.819711,6.8625674,1.6425983
scene0571_01,3.8460317,5.337282,1.6378133
scene0434_02,1.5289819,2.3201904,2.3119938
scene0408_00,3.542943,6.331875,3.0423088
scene0540_00,5.5760202,6.796562,2.1301153
scene0260_02,2.9201493,4.7107835,2.1811874
scene0161_02,3.7289503,3.0434027,1.0113562
scene0514_00,5.1015706,4.86043,2.3301332
scene0224_00,2.5724685,4.04852,2.774729
scene0395_01,3.5565631,6.224317,3.3528159
scene0317_00,5.6157713,9.802822,1.9982727
scene0160_01,4.00797,5.7714357,1.2111112
scene0174_01,2.826829,4.168444,2.7596269
scene0263_01,3.7935443,5.0638285,2.587886
scene0481_01,7.8163137,7.834141,1.7204279
scene0475_00,6.9891605,10.437199,1.3244878
scene0656_01,3.7727418,6.751643,2.129432
scene0191_00,3.4809432,7.395793,1.976967
scene0313_01,5.6581516,3.9172955,1.2488899
scene0339_00,3.8617384,7.1112747,2.496002
scene0447_02,3.5618868,3.9473777,1.3077581
scene0106_00,5.14541,9.037018,3.240049
scene0113_00,5.689184,4.857087,1.2769375
scene0067_02,2.3725004,3.7609184,2.34305
scene0170_00,2.518282,4.153187,2.303057
scene0299_01,4.9711075,7.126132,1.8296361
scene0571_00,3.8580098,3.8820193,1.6884657
scene0295_01,4.088498,2.9654422,1.9647039
scene0320_01,3.9425275,9.865273,3.1590655
scene0247_01,5.036483,9.350766,3.1549604
scene0313_02,5.3950987,5.2263327,1.2633343
scene0683_00,2.3345122,1.6763544,2.4030557
scene0694_01,5.3170557,9.850594,2.191674
scene0041_00,7.6123,6.1115403,1.6941
scene0101_00,4.834025,6.9856415,2.5758183
scene0468_01,3.7826743,5.155632,2.4462862
scene0492_01,3.9987764,5.096639,2.8442276
scene0123_00,6.21077,8.505764,1.8511899
scene0667_02,8.889938,10.989359,3.1703563
scene0588_02,7.432288,12.447776,2.3190367
scene0368_01,6.2579975,5.08945,1.7423497
scene0541_02,4.038415,4.2739716,2.5421536
scene0398_00,3.856247,5.263097,2.359536
scene0051_03,6.3085485,5.9446063,3.018806
scene0294_01,5.0501904,5.423836,2.6719754
scene0184_00,4.337526,4.6731462,2.7338715
scene0384_00,4.1677155,6.759675,2.3046114
scene0681_00,3.8212507,4.61457,2.3836544
scene0502_00,3.6532347,6.861722,2.5346754
scene0155_01,6.6428623,6.7871656,1.816468
scene0192_00,4.145838,5.7126436,1.842783
scene0204_02,4.4838257,5.7310133,2.0343451
scene0059_00,5.043161,8.165258,2.7415533
scene0286_02,4.1129246,5.349033,2.46194
scene0365_02,4.7771096,4.3954806,2.0442913
scene0039_01,3.8116832,4.8315954,1.5489695
scene0517_01,4.9116,7.218401,2.8084471
scene0613_02,3.7557292,5.463125,2.8728793
scene0379_00,4.6432586,5.7993307,2.8697593
scene0083_01,3.4563332,4.005038,2.3562133
scene0455_00,4.886467,7.9162855,2.5985382
scene0679_00,3.6764336,5.4208183,2.4291701
scene0118_00,3.2756286,7.9609437,2.5197437
scene0254_00,5.7807117,4.448129,2.031446
scene0492_00,4.3356442,5.266366,2.6166596
scene0411_00,5.6921997,10.040543,2.6308703
scene0431_00,5.712527,6.792138,2.514058
scene0332_02,2.8509908,4.2125545,2.0247164
scene0204_01,4.432142,5.8396597,2.036669
scene0510_01,5.7582474,3.8039546,2.3827548
scene0062_01,2.1491413,2.721292,2.1791363
scene0013_00,5.1396794,5.401294,0.9437695
scene0255_00,2.8586493,3.7982829,2.5204875
scene0020_01,3.9646068,3.8209696,2.4042866
scene0073_02,3.1061845,3.4550228,2.535382
scene0489_00,4.6347766,4.773356,2.2434149
scene0078_02,3.831633,4.4323697,1.8725196
scene0396_01,3.132701,2.1157324,2.513035
scene0087_00,5.0031443,4.971911,1.8775744
scene0101_02,4.823037,6.9420013,2.75742
scene0238_00,3.0805154,5.093794,2.8000064
scene0614_00,3.599472,6.4422436,2.6991124
scene0539_01,3.8861344,3.5840054,2.2765622
scene0092_00,3.9557936,5.624133,2.3270426
scene0174_00,2.6536493,4.435461,2.8005192
scene0522_00,3.2874231,4.5404673,2.656771
scene0358_02,5.1174083,5.0986614,2.6654804
scene0108_00,3.8772998,5.985301,1.5687051
scene0205_01,3.0065484,3.7287645,2.4666326
scene0109_01,2.4778357,5.7761073,2.1576219
scene0156_00,6.096202,5.2225738,2.109083
scene0478_00,2.9084706,3.6640844,2.4648073
scene0092_02,3.9207299,5.869364,2.6401098
scene0214_02,5.3878374,5.463844,2.5192404
scene0220_02,3.951007,6.5299053,2.8543026
scene0668_00,4.3076577,9.027859,2.2236254
scene0303_00,4.0889473,4.3393707,2.3746152
scene0260_00,3.0662785,3.9216075,2.2504113
scene0615_00,3.9326506,4.753417,2.529869
scene0347_02,3.2179723,3.4680946,2.596098
scene0017_00,3.9629347,5.48409,2.8675485
scene0566_00,6.4302416,6.532794,2.277295
scene0590_00,3.604312,8.573452,2.6619973
scene0362_00,4.3310122,5.62549,2.3551414
scene0275_00,5.4157667,5.9032793,2.2097974
scene0294_00,5.0334973,5.528474,2.7202032
scene0691_00,4.408944,6.3569226,2.5100086
scene0517_02,3.4270139,6.954464,2.987979
scene0368_00,6.0878,5.382558,1.5790076
scene0000_02,7.379775,7.333266,3.1946514
scene0385_01,5.500818,6.4098783,2.8868577
scene0586_01,2.991898,4.834404,2.2174304
scene0141_00,3.1062546,5.4477797,2.7193868
scene0448_02,1.5311702,3.2022762,2.3238246
scene0410_01,1.3697004,2.1171975,2.1019185
scene0105_01,2.0496469,1.8728733,1.8732702
scene0547_00,3.5001488,5.899423,2.854239
scene0345_00,5.506968,5.7439547,3.1255474
scene0291_00,5.0867186,7.069786,2.125696
scene0003_01,3.6756046,4.923849,3.0326715
scene0586_02,2.7239594,4.180812,2.6128423
scene0001_01,4.840104,7.7068186,2.1712277
scene0543_02,2.2360451,12.50915,1.6501181
scene0293_01,4.8013515,5.115834,2.801862
scene0150_00,3.00114,4.9943833,1.7157983
scene0404_01,2.8412485,3.4808571,2.8275442
scene0480_00,3.716185,3.972815,1.8458118
scene0318_00,4.1614847,5.499609,0.93710613
scene0308_00,3.9554667,4.4654074,2.6648216
scene0584_02,3.5231636,6.861162,2.3662248
scene0320_02,3.9968615,9.454664,3.0074236
scene0448_00,1.7941942,3.2493732,2.3641286
scene0096_01,4.3549814,3.618048,3.1361418
scene0385_02,4.6466722,6.5176687,2.909637
scene0118_01,3.3438013,7.535652,2.4714718
scene0045_01,6.528533,6.67381,1.7951432
scene0691_01,4.983817,6.898906,2.7520938
scene0579_00,3.0931168,4.7794933,1.4364872
